"org_list$result$display_name","org_list$result$name","org_list$result$created"
"2875039 Canada Limited | 2875039 Canada Limited","2canl","2018-07-27T18:49:16.263321"
"3906949 Canada Inc. | 3906949 Canada Inc.","3can","2018-07-27T18:49:16.866334"
"3Net Indy Holdings | 3Net Indy Holdings","3nih","2018-07-27T18:49:18.062160"
"3Net Indy Investments Inc. | 3Net Indy Investments Inc.","3nii","2018-07-27T18:49:40.652136"
"7986386 Canada Inc. | 7986386 Canada Inc.","7can","2018-07-27T18:49:18.486377"
"8599963 Canada Inc. | 8599963 Canada Inc.","8can","2018-07-27T18:49:18.940870"
"Accessibility Standards Canada | Normes d’accessibilité Canada","casdo-ocena","2019-12-11T15:05:57.550923"
"Administrative Tribunals Support Service of Canada | Service canadien d'appui aux tribunaux administratifs","atssc-scdata","2016-09-14T11:47:14.032039"
"Agriculture and Agri-Food Canada | Agriculture et Agroalimentaire Canada","aafc-aac","2016-09-14T11:47:12.325334"
"Argentia Private Investments Inc. | Argentia Private Investments Inc.","api","2018-07-27T18:49:19.373301"
"Asia-Pacific Foundation of Canada | Fondation Asie Pacifique du Canada","apfc-fapc","2016-09-14T11:47:13.629822"
"Assisted Human Reproduction Canada | Procréation Assistée Canada","ahrc-pac","2016-09-14T11:47:13.222146"
"Atlantic Canada Opportunities Agency | Agence de promotion économique du Canada atlantique","acoa-apeca","2016-09-14T11:47:12.815546"
"Atlantic Pilotage Authority Canada | Administration de pilotage de l'Atlantique Canada","apa","2016-09-14T11:47:13.423361"
"Atomic Energy of Canada Limited | Énergie atomique du Canada, Limitée","aecl-eacl","2016-09-14T11:47:13.020266"
"AviAlliance Canada Inc. | AviAlliance Canada Inc.","aac","2018-07-27T18:49:19.782979"
"AviAlliance Terminal Management Inc. | AviAlliance Terminal Management Inc.","atm","2018-07-27T18:49:41.136268"
"Bank of Canada | Banque du Canada","bc","2016-09-14T11:47:14.248557"
"BDC Capital Inc. | BDC Capital Inc.","bci","2018-07-27T18:49:13.181425"
"Belle Bay Private Investments Inc. | Belle Bay Private Investments Inc.","bbpi","2018-07-27T18:49:20.363217"
"Blue & Gold Private Investments Inc. | Blue & Gold Private Investments Inc.","bgpi","2018-07-27T18:49:20.755251"
"Blue Water Bridge Canada | Pont Blue Water Canada","bwbc-pbwc","2016-09-14T11:47:14.693411"
"British Columbia Treaty Commission | Commission des Traités de la Colombie-Britannique","bctc-ctcb","2018-08-20T20:33:09.287172"
"Business Development Bank of Canada | Banque de développement du Canada","bdc","2016-09-14T11:47:14.475040"
"Canada Agricultural Review Tribunal | Commission de révision agricole du Canada","cart-crac","2018-10-16T20:14:06.142246"
"Canada Border Services Agency | Agence des services frontaliers du Canada","cbsa-asfc","2016-09-14T11:47:16.227070"
"Canada Council for the Arts | Conseil des arts du Canada","cca-cac","2016-09-14T11:47:16.452167"
"Canada Deposit Insurance Corporation | Société d'assurance-dépôts du Canada","cdic-sadc","2016-09-14T11:47:17.745660"
"Canada Development Investment Corporation | Corporation de développement des investissements du Canada","cdev","2016-09-14T11:47:17.531041"
"Canada Economic Development for Quebec Regions | Développement économique Canada pour les régions du Québec","ced-dec","2016-09-14T11:47:18.173391"
"Canada Eldor Inc. | Canada Eldor Inc.","celd","2018-07-27T18:49:13.671159"
"Canada Emission Reduction Incentives Agency | Agence canadienne pour l'incitation à la réduction des émissions","ceria-acire","2016-09-14T11:47:18.805738"
"Canada Employment Insurance Commission | Commission de l’assurance-emploi du Canada","ceic-caec","2016-09-14T11:47:18.396825"
"Canada Employment Insurance Financing Board | Office de financement de l'assurance-emploi du Canada","ceifb-ofaec","2016-09-14T11:47:18.607769"
"Canada Energy Regulator | La Régie de l’énergie du Canada","cer-rec","2016-09-14T11:47:35.383608"
"Canada Enterprise Emergency Funding Corporation | La Corporation de financement d’urgence d’entreprises du Canada ","ceefc-cfuec","2021-01-07T18:20:49.600903"
"Canada Foundation for Innovation | Fondation canadienne pour l’innovation","innovation","2016-09-14T11:47:31.885563"
"Canada GEN Investment Corporation | Corporation d'investissements GEN du Canada","cgic-cgc","2018-07-27T18:49:14.264975"
"Canada Hibernia Holding Corporation | Société de gestion Canada Hibernia","chhc-sgch","2018-07-27T18:49:14.640228"
"Canada Housing Trust | Fiducie du Canada pour l'habitation","cht-fcpl","2018-07-27T18:49:15.696515"
"Canada Industrial Relations Board | Conseil canadien des relations industrielles","cirb-ccri","2016-09-14T11:47:20.503879"
"Canada Infrastructure Bank | La Banque de l’infrastructure du Canada","cib-bic","2018-04-23T13:53:02.031357"
"Canada Lands Company CLC Limited | Société immobilière du Canada CLC limitée","clccl-siccl","2018-07-27T18:49:15.129031"
"Canada Lands Company Limited | Société immobilière du Canada Limitée","clcl-sicl","2016-09-14T11:47:20.951088"
"Canada Mortgage and Housing Corporation | Société canadienne d'hypothèques et de logement","cmhc-schl","2016-09-14T11:47:21.365500"
"Canada-Newfoundland and Labrador Offshore Petroleum Board | Office Canada–Terre-Neuve-et Labrador des hydrocarbures extracôtiers","cnlopb","2016-09-14T11:47:22.438828"
"Canada-Nova Scotia Offshore-Petroleum Board | Office Canada-Nouvelle-Écosse des hydrocarbures extracôtiers","cnsopb","2016-09-14T11:47:23.047487"
"Canada Pension Plan Investment Board | L’Office d’investment du Régime de pensions du Canada","cppib-oirpc","2018-04-23T13:56:11.146967"
"Canada Post | Postes Canada","cpc-scp","2016-09-14T11:47:23.486325"
"Canada Revenue Agency | Agence du revenu du Canada","cra-arc","2016-09-14T11:47:23.700191"
"Canada School of Public Service | École de la fonction publique du Canada","csps-efpc","2016-09-14T11:47:24.915614"
"Canada Science and Technology Museum | Musée des sciences et de la technologie du Canada","cstm-mstc","2016-09-14T11:47:25.124217"
"Canada TMP Finance Ltd. | Financière Canada TMP Ltée","tmp","2019-05-10T15:28:53.939533"
"Canadian Air Transport Security Authority | Administration canadienne de la sûreté du transport aérien","catsa-acsta","2016-09-14T11:47:15.570298"
"Canadian Artists and Producers Professional Relations Tribunal | Tribunal canadien des relations professionnelles artistes-producteurs","capprt-tcrpap","2016-09-14T11:47:15.129933"
"Canadian Broadcasting Company | Radio-Canada","cbc-radio-canada","2016-09-14T11:47:16.012734"
"Canadian Centre for Occupational Health and Safety | Centre canadien d'hygiène et de sécurité au travail","ccohs-cchst","2016-09-14T11:47:16.884312"
"Canadian Commercial Corporation | Corporation commerciale canadienne","ccc","2016-09-14T11:47:16.667499"
"Canadian Cultural Property Export Review Board | Commission canadienne d'examen des exportations de biens culturels","ccperb-cceebc","2016-09-14T11:47:17.099012"
"Canadian Dairy Commission | Commission canadienne du lait","cdc-ccl","2016-09-14T11:47:17.313030"
"Canadian Food Inspection Agency | Agence canadienne d'inspection des aliments","cfia-acia","2016-09-14T11:47:19.029987"
"Canadian Forces | Forces canadiennes","caf-facdnd","2018-08-20T20:33:26.791961"
"Canadian Forces Morale and Welfare Services | Services de bien-être et moral des Forces canadiennes","cfmws-sbmfc","2019-07-12T13:24:26.524881"
"Canadian Government Specifications Board | Office des normes générales du Canada","cgsb-ongc","2018-08-20T20:33:27.853367"
"Canadian Grain Commission | Commission canadienne des grains","cgc-ccg","2016-09-14T11:47:19.231336"
"Canadian Heritage | Patrimoine canadien","pch","2016-09-14T11:47:40.771777"
"Canadian Human Rights Commission | Commission canadienne des droits de la personne","chrc-ccdp","2016-09-14T11:47:19.432215"
"Canadian Institute of Health Information | Institut canadien d'information sur la santé","cihi-icis","2016-09-14T11:47:20.062224"
"Canadian Institutes of Health Research | Instituts de recherche en santé du Canada","cihr-irsc","2016-09-14T11:47:20.279371"
"Canadian Intergovernmental Conference Secretariat | Secrétariat des conférences intergouvernementales canadiennes","cics-scic","2016-09-14T11:47:19.845947"
"Canadian International Trade Tribunal | Tribunal canadien du commerce extérieur","citt-tcce","2016-09-14T11:47:20.721037"
"Canadian Museum for Human Rights | Musée canadien pour les droits de la personne","cmhr-mcdp","2016-09-14T11:47:21.588399"
"Canadian Museum of History | Musée canadien de l'histoire","cmc-mcc","2016-09-14T11:47:21.153263"
"Canadian Museum of Immigration at Pier 21 | Musée canadien de l'immigration du Quai 21","cmip-mciq","2016-09-14T11:47:21.806486"
"Canadian Museum of Nature | Musée canadien de la nature","cmn-mcn","2016-09-14T11:47:22.235783"
"Canadian Northern Economic Development Agency | Agence canadienne de développement économique du Nord","cannor","2016-09-14T11:47:14.913892"
"Canadian Nuclear Safety Commission | Commission canadienne de sûreté nucléaire","cnsc-ccsn","2016-09-14T11:47:22.639098"
"Canadian Race Relations Foundation | La Fondation Canadienne des relations raciales ","crrf-fcrr","2018-04-23T13:58:30.285884"
"Canadian Radio-television and Telecommunications Commission | Conseil de la radiodiffusion et des télécommunications canadiennes","crtc","2016-09-14T11:47:23.901606"
"Canadian Security Intelligence Service | Service canadien du renseignement de sécurité","csis-scrs","2016-09-14T11:47:24.717108"
"Canadian Space Agency | Agence spatiale canadienne","csa-asc","2016-09-14T11:47:24.105874"
"Canadian Transportation Agency | Office des transports du Canada","cta-otc","2016-09-14T11:47:25.328026"
"Civilian Review and Complaints Commission for the RCMP | Commission civile d'examen et de traitement des plaintes relatives à la Gendarmerie royale du Canada","cpc-cpp","2016-09-14T11:47:23.261261"
"Communications Security Establishment Canada | Centre de la sécurité des télécommunications Canada","csec-cstc","2016-09-14T11:47:24.513191"
"Competition Tribunal | Tribunal de la concurrence","ct-tc","2018-10-16T20:14:11.182455"
"Copyright Board Canada | Commission du droit d'auteur du Canada","cb-cda","2016-09-14T11:47:15.795083"
"Corporation for the Mitigation of Mackenzie Gas Project Impacts | Société d'atténuation des répercussions du projet gazier Mackenzie","cmmgpi-sarpgm","2016-09-14T11:47:22.025256"
"Correctional Service of Canada | Service correctionnel du Canada","csc-scc","2016-09-14T11:47:24.310955"
"Courts Administration Service | Service administratif des tribunaux judiciaires","cas-satj","2016-09-14T11:47:15.344948"
"Crown-Indigenous Relations and Northern Affairs Canada | Relations Couronne-Autochtones et Affaires du Nord Canada","aandc-aadnc","2016-09-14T11:47:12.601109"
"Datura Private Investments Inc. | Datura Private Investments Inc.","dpi","2018-07-27T18:49:21.271843"
"Defence Construction Canada | Construction de Défense Canada","dcc-cdc","2016-09-14T11:47:25.739248"
"Defence Research and Development Canada | Recherche et développement pour la Défense Canada","drdc-rddc","2016-09-14T11:47:26.580184"
"Department for Women and Gender Equality | Ministère des Femmes et de l’Égalité des genres","wage","2019-03-29T17:26:10.740071"
"Department of Finance Canada | Ministère des Finances Canada","fin","2016-09-14T11:47:29.226050"
"Department of Justice Canada | Ministère de la Justice Canada","jus","2016-09-14T11:47:32.711910"
"Deputy Prime Minister and Minister of Finance | Vice-première ministre et ministre des Finances","dpm-vpm","2020-01-30T15:45:01.039093"
"Destination Canada | Destination Canada","ctc-cct","2016-09-14T11:47:25.538820"
"Elections Canada | Élections Canada","elections","2016-09-14T11:47:27.582941"
"Employment and Social Development Canada | Emploi et Développement social Canada","esdc-edsc","2016-09-14T11:47:27.983283"
"Energy Supplies Allocation Board | Office de répartition des approvisionnements d’énergie","esab-orad","2018-07-27T18:49:04.516292"
"Enterprise Cape Breton Corporation | Société d'expansion du Cap-Breton","ecbc-secb","2016-09-14T11:47:27.178994"
"Environment and Climate Change Canada | Environnement et Changement climatique Canada","ec","2016-09-14T11:47:26.976043"
"Exinvest Inc. | Exinvest Inc.","exi","2018-07-27T18:49:17.448719"
"Export Development Canada | Exportation et développement Canada","edc","2016-09-14T11:47:27.377288"
"External User | Utilisateur externe","external-externe","2019-11-25T22:00:37.805481"
"Farm Credit Canada | Financement agricole Canada","fcc-fac","2016-09-14T11:47:28.597079"
"Farm Products Council of Canada | Conseil des produits agricoles du Canada","fpcc-cpac","2016-09-14T11:47:30.262527"
"Federal Bridge Corporation | Société des ponts fédéraux","fbcl-spfl","2016-09-14T11:47:28.187809"
"Federal Economic Development Agency for Southern Ontario | Agence fédérale de développement économique pour le Sud de l'Ontario","feddevontario","2016-09-14T11:47:28.801338"
"Federal Public Sector Labour Relations and Employment Board | Commission des relations de travail et de l’emploi dans le secteur public fédéral","fpslreb-crtespf","2018-10-16T20:14:12.937600"
"Federal Public Service Health Care Plan Administration Authority | Administration du Régime de soins de santé de la fonction publique fédérale","pshcp-rssfp","2016-09-14T11:47:43.452333"
"Financial Consumer Agency of Canada | Agence de la consommation en matière financière du Canada","fcac-acfc","2016-09-14T11:47:28.393651"
"Financial Transactions and Reports Analysis Centre of Canada | Centre d'analyse des opérations et déclarations financières du Canada","fintrac-canafe","2016-09-14T11:47:29.432732"
"First Nations Financial Management Board | Conseil de gestion financière des premières nations","fnfmb-cgfpn","2018-07-27T18:49:10.861042"
"First Nations Statistical Institute | Institut de la statistique des premières nations","fnsi-ispn","2016-09-14T11:47:29.850707"
"First Nations Tax Commission | Commission de la fiscalité des premières nations","fntc-cfpn","2016-09-14T11:47:30.059375"
"Fisheries and Oceans Canada | Pêches et Océans Canada","dfo-mpo","2016-09-14T11:47:26.168250"
"Freshwater Fish Marketing Corporation | Office de commercialisation du poisson d'eau douce","ffmc-ocped","2016-09-14T11:47:29.015054"
"Galvaude Private Investments Inc. | Galvaude Private Investments Inc.","gpi","2018-07-27T18:49:21.802648"
"Global Affairs Canada | Affaires mondiales Canada","dfatd-maecd","2016-09-14T11:47:25.957914"
"Government of British Columbia | Gouvernment de la Colombie-Britannique","bc-cb","2019-09-20T14:48:13.011867"
"Government of Newfoundland and Labrador | Gouvernment de Terre-Neuve-et-Labrador","nl-tnl","2019-09-13T19:26:47.856720"
"Government of Nova Scotia | Gouvernment de la Nouvelle-Écosse","ns-ne","2019-09-13T19:37:23.320599"
"Government of Ontario | Gouvernement de l'Ontario","on","2019-09-13T19:45:25.670125"
"Government of Prince Edward Island | gouvernement de lÎle-du-Prince-Édouard","pei-ipe","2019-09-13T19:50:26.193067"
"Great Lakes Pilotage Authority Canada | Administration de pilotage des Grands Lacs Canada","glpa-apgl","2016-09-14T11:47:30.459454"
"Gwich’in Land and Water Board | Office Gwich’in des terres et des eaux","glwb-ogte","2018-08-20T20:33:29.476325"
"Gwich’in Land Use Planning Board | Office Gwich’in d’aménagement territorial","glupb-ogat","2018-08-20T20:33:30.120862"
"Halifax Port Authority | Administration portuaire de Halifax","halpa-aphal","2018-07-27T18:49:06.556219"
"Hamilton Port Authority | Administration portuaire de Hamilton","hampa-apham","2018-07-27T18:49:07.659440"
"Hazardous Materials Information Review Commission Canada | Conseil de contrôle des renseignements relatifs aux matières dangereuses Canada","hmirc-ccrmd","2016-09-14T11:47:30.871481"
"Health Canada | Santé Canada","hc-sc","2016-09-14T11:47:30.666772"
"Historic Sites and Monuments Board of Canada | Commission des lieux et monuments historiques du Canada","hsmbc-clmhc","2018-08-20T20:33:30.998125"
"House of Commons | Chambre des communes","hoc-cdc","2019-02-12T22:29:40.898801"
"Human Rights Tribunal of Canada | Tribunal des droits de la personne du Canada","hrtc-tdpc","2016-09-14T11:47:31.078844"
"Human Rights Tribunal | Tribunal des droits de la personne","chrt-tcdp","2018-10-16T20:14:12.061815"
"Immigration and Refugee Board of Canada | Commission de l'immigration et du statut de réfugié du Canada","irb-cisr","2016-09-14T11:47:32.099570"
"Immigration, Refugees and Citizenship Canada | Immigration, Réfugiés et Citoyenneté Canada","cic","2016-09-14T11:47:19.643826"
"Impact Assessment Agency of Canada | Agence d'évaluation d'impact du Canada","iaac-aeic","2016-09-14T11:47:17.961767"
"Indian Residential Schools Truth and Reconciliation Commission | Commission de vérité et de réconciliation relative aux pensionnats indiens","irstrc-cvrrpi","2016-09-14T11:47:32.302582"
"Indigenous Services Canada | Services aux Autochtones Canada","isc-sac","2018-02-01T18:35:38.406363"
"Indo-Infra Inc. | Indo-Infra Inc.","iinfra","2018-07-27T18:49:22.250490"
"Infra H20 GP Partners Inc. | Infra H20 GP Partners Inc.","ihgp","2018-07-27T18:49:22.707332"
"Infra H20 LP Partners Inc. | Infra H20 LP Partners Inc.","ihlp","2018-07-27T18:49:23.448293"
"Infra-PSP Canada Inc. | Infra-PSP Canada Inc.","ipcan","2018-07-27T18:49:23.926385"
"Infra-PSP Credit Inc. | Infra-PSP Credit Inc.","ipcred","2018-07-27T18:49:24.371777"
"Infra-PSP ECEF Inc. | Infra-PSP ECEF Inc.","ipe","2018-07-27T18:49:24.798917"
"Infra-PSP Partners Inc. | Infra-PSP Partners Inc.","ipp","2018-07-27T18:49:25.278280"
"Infrastructure Canada | Infrastructure Canada","infc","2016-09-14T11:47:31.683799"
"Infra TM Investments Inc. | Infra TM Investments Inc.","iti","2018-07-27T18:49:25.927020"
"Innovation, Science and Economic Development Canada | Innovation, Sciences et Développement économique Canada","ic","2016-09-14T11:47:31.280455"
"International Development Research Centre | Centre de recherches pour le développement international","idrc-crdi","2016-09-14T11:47:31.483335"
"International Joint Commission | Commission mixte internationale","ijc-cmi","2017-09-06T09:31:40.220621"
"Invest in Canada | Investir Au Canada","iic-iac","2021-05-06T15:16:10.356571"
"Ivory Private Investments Inc. | Ivory Private Investments Inc.","ipi","2018-07-27T18:49:26.302483"
"Jacques Cartier and Champlain Bridges Incorporated | Ponts Jacques Cartier et Champlain Incorporée","jccbi-pjcci","2016-09-14T11:47:32.505833"
"Kings Island Private Investments Inc. | Kings Island Private Investments Inc.","kipi","2018-07-27T18:49:26.647479"
"Laurentian Pilotage Authority Canada | Administration de pilotage des Laurentides Canada","lpa-apl","2016-09-14T11:47:33.325190"
"Law Commission of Canada | Commission du droit du Canada","org231","2016-09-14T11:47:38.892322"
"Library and Archives Canada | Bibliothèque et Archives Canada","lac-bac","2016-09-14T11:47:32.913827"
"Library of Parliament | Bibliothèque du Parlement","lp-bp","2016-09-14T11:47:33.120159"
"Mackenzie Valley Environmental Impact Review Board | Office d’examen des répercussions environnementales de la vallée du Mackenzie","mveirb-oervm","2018-08-20T20:33:32.721870"
"Mackenzie Valley Land and Water Board | Office des terres et des eaux de la vallée du Mackenzie Valley","mlvwb-otevm","2018-08-20T20:33:33.417293"
"Marine Atlantic Inc. | Marine Atlantique S.C.C.","mai","2016-09-14T11:47:33.527328"
"Military Grievances External Review Committee | Comité externe d’examen des griefs militaires","mgerc-ceegm","2016-09-14T11:47:33.734742"
"Military Police Complaints Commission of Canada | Commission d'examen des plaintes concernant la police militaire du Canada","mpcc-cppm","2016-09-14T11:47:34.361390"
"Montreal Port Authority | Administration portuaire de Montréal","mpa-apm","2016-09-14T11:47:34.154417"
"Nanaimo Port Authority | Administration portuaire de Nanaïmo","nnpa-apn","2016-09-14T11:47:36.013354"
"National Arts Centre | Centre national des Arts","nac-cna","2016-09-14T11:47:34.566102"
"National Capital Commission | Commission de la capitale nationale","ncc-ccn","2016-09-14T11:47:34.973986"
"National Defence and Canadian Forces Ombudsman | Ombudsman de la Défense nationale et des Forces canadiennes","ndcfo-odnfc","2016-09-14T11:47:35.182219"
"National Defence | Défense nationale","dnd-mdn","2016-09-14T11:47:26.378704"
"National Film Board | Office national du film","nfb-onf","2016-09-14T11:47:35.598828"
"National Gallery of Canada | Musée des beaux-arts du Canada","ngc-mbac","2016-09-14T11:47:35.808195"
"National Inquiry into Missing and Murdered Indigenous Women and Girls | Enquête nationale sur les femmes et les filles autochtones disparues et assassinées","mmiwg-ffada","2019-07-29T18:10:33.336253"
"National Research Council Canada | Conseil national de recherches Canada","nrc-cnrc","2016-09-14T11:47:36.423821"
"National Round Table on the Environment and the Economy | Table ronde nationale sur l'environnement et l'économie","nrtee-trnee","2016-09-14T11:47:37.010440"
"National Security and Intelligence Review Agency | Office de surveillance des activités en matière de sécurité nationale et de renseignement ","nsira-ossnr","2020-01-17T13:35:25.373010"
"Natural Resources Canada | Ressources naturelles Canada","nrcan-rncan","2016-09-14T11:47:36.624827"
"Natural Sciences and Engineering Research Council of Canada | Conseil de recherches en sciences naturelles et en génie du Canada","nserc-crsng","2016-09-14T11:47:37.216257"
"Northern Fjord Holdings Inc. | Northern Fjord Holdings Inc.","nfh","2018-07-27T18:49:27.029781"
"Northern Pipeline Agency Canada | Administration du pipe-line du Nord Canada","npa-apn","2016-09-14T11:47:36.218846"
"Nunavut Impact Review Board | La Commission du Nunavut chargée de l’examen des répercussions","nirb-cner","2018-08-20T20:33:33.937277"
"Nunavut Planning Commission | Commission d’aménagement du Nunavut","npc-can","2018-08-20T20:33:34.689936"
"Nunavut Surface Rights Tribunal | Le Tribunal des droits de surface du Nunavut","nsrt-tdsn","2018-08-20T20:33:35.412843"
"Nunavut Water Board | l’Office des Eaux du Nunavut","nwb-oen","2018-08-20T20:33:35.956210"
"Office of the Administrator of the Fund for Railway Accidents Involving Designated Goods | Caisse d’indemnisation pour les accidents ferroviaires impliquant des marchandises désignées","fraidg-ciafimd","2018-08-20T20:33:36.734519"
"Office of the Auditor General of Canada | Bureau du vérificateur général du Canada","oag-bvg","2016-09-14T11:47:37.428452"
"Office of the Chief Science Advisor of Canada | Bureau du conseiller scientifique en chef du Canada ","ocsa-bcsc","2019-04-16T17:04:34.661898"
"Office of the Commissioner for Federal Judicial Affairs Canada | Commissariat à la magistrature fédérale Canada","fja-cmf","2016-09-14T11:47:29.641669"
"Office of the Commissioner of Lobbying of Canada | Commissariat au lobbying du Canada","ocl-cal","2016-09-14T11:47:37.847509"
"Office of the Commissioner of Official Languages | Commissariat aux langues officielles","ocol-clo","2016-09-14T11:47:38.065439"
"Office of the Information Commissioner of Canada | Commissariat à l'information du Canada","oic-ci","2016-09-14T11:47:38.478260"
"Office of the Intelligence Commissioner | Bureau du commissaire au renseignement","ocsec-bccst","2016-09-14T11:47:38.271803"
"Office of the Leader of the Government in the House of Commons | Cabinet du Leader du gouvernement à la Chambre des communes","ghl-lgc","2019-07-19T16:05:23.720231"
"Office of the Minister of Democratic Institutions | Cabinet du Ministre des Institutions démocratiques","mdi-mid","2019-07-19T16:07:17.437084"
"Office of the Minister of Intergovernmental and Northern Affairs and Internal Trade | Cabinet du Ministre des Affaires intergouvernementales et du Nord et du Commerce intérieur","miga-maig","2019-07-19T16:08:58.761171"
"Office of the Prime Minister | Cabinet du premier ministre ","pmo-cpm","2019-07-29T18:14:30.499944"
"Office of the Privacy Commissioner of Canada | Commissariats à l’information et à la protection de la vie privée au Canada","opc-cpvp","2016-09-14T11:47:38.685120"
"Office of the Public Sector Integrity Commissioner of Canada | Commissariat à l'intégrité du secteur public du Canada","psic-ispc","2016-09-14T11:47:43.866145"
"Office of the Secretary to the Governor General | Bureau du secrétaire du gouverneur général","osgg-bsgg","2016-09-14T11:47:39.308383"
"Office of the Superintendent of Financial Institutions Canada | Bureau du surintendant des institutions financières Canada","osfi-bsif","2016-09-14T11:47:39.105671"
"Office of the Taxpayers' Ombudsperson | Bureau de l'ombudsman des contribuables","oto-boc","2016-12-12T11:51:33.538737"
"Office of the Veterans Ombudsman | Bureau de l'ombudsman des vétérans","ovo-bov","2017-05-19T15:08:05.643773"
"Old Port of Montreal Corporation Inc. | Société du Vieux-Port de Montréal Inc.","opmc-svpm","2018-07-27T18:49:11.513443"
"Oshawa Port Authority | Administration portuaire d’Oshawa","opa-apd","2018-07-27T18:49:08.239983"
"Pacific Economic Development Canada | Développement économique Canada pour le Pacifique","pacifican","2021-08-23T18:11:52.644287"
"Pacific Pilotage Authority Canada | Administration de pilotage du Pacifique Canada","ppa-app","2016-09-14T11:47:42.004464"
"Parc Downsview Park Inc. | Parc Downsview Park Inc","pdp","2018-07-27T18:49:12.008129"
"Parks Canada | Parcs Canada","pc","2016-09-14T11:47:40.561517"
"Parole Board of Canada | Commission des libérations conditionnelles du Canada","pbc-clcc","2016-09-14T11:47:40.341154"
"Passport Canada | Passeport Canada","pptc","2016-09-14T11:47:42.625824"
"Patented Medicine Prices Review Board Canada | Conseil d'examen du prix des médicaments brevetés Canada","pmprb-cepmb","2016-09-14T11:47:41.598380"
"Pension Appeals Board | Commission d'appel des pensions","pab-cap","2016-09-14T11:47:39.512254"
"Pierre Elliott Trudeau Foundation | Fondation Pierre Elliott Trudeau","petf-fpet","2016-09-14T11:47:41.187518"
"Polar Knowledge Canada | Savoir polaire Canada","polar-polaire","2016-09-14T11:47:41.801012"
"Port Alberni Port Authority | Administration portuaire de Port Alberni","papa-appa","2016-09-14T11:47:39.925593"
"Port-aux-Choix Private Investments Inc. | Port-aux-Choix Private Investments Inc.","pacpi","2018-07-27T18:49:27.375163"
"Port of Belledune | Port de Belledune","pb","2016-09-14T11:47:40.130499"
"Port of Sept-Iles | Port de Sept-Îles","psi","2016-09-14T11:47:43.660696"
"Port of Trois-Rivières | Port de Trois-Rivières","ptr","2016-09-14T11:47:44.709861"
"Potton Holdings Inc. | Potton Holdings Inc.","phold","2018-07-27T18:49:27.877456"
"PPP Canada Inc. | PPP Canada Inc.","ppp","2016-09-14T11:47:42.212285"
"Prairies Economic Development Canada | Développement économique Canada pour les Prairies","prairiescan","2021-08-23T18:14:40.220970"
"President of the Queen’s Privy Council for Canada and Minister of Intergovernmental Affairs | Président du Conseil privé de la Reine pour le Canada et Ministre des Affaires intergouvernementales","pqcc-pcprc","2020-01-30T15:47:48.811340"
"Prince Rupert Port Authority | L’Administration portuaire de Prince Rupert","prpa-appr","2016-12-13T11:22:46.184956"
"Privy Council Office | Bureau du Conseil privé","pco-bcp","2016-09-14T11:47:40.981174"
"PSP Capital Inc. | PSP Capital Inc.","pcap","2018-07-27T18:49:28.324281"
"PSP Finco Inc. | PSP Finco Inc.","pfinc","2018-07-27T18:49:28.952387"
"PSP H2O FL GP INC. | PSP H2O FL GP INC.","phfgi","2018-07-27T18:49:41.436293"
"PSPIB-Andes Inc. | PSPIB-Andes Inc.","pande","2018-07-27T18:49:38.138580"
"PSPIB Baltimore G.P. Inc. | PSPIB Baltimore G.P. Inc.","pbgp","2018-07-27T18:49:30.820790"
"PSPIB Bromont Investments Inc. | PSPIB Bromont Investments Inc.","pbi","2018-07-27T18:49:42.078846"
"PSPIB-CCR Inc. | PSPIB-CCR Inc.","pccr","2018-07-27T18:49:38.632323"
"PSPIB-Condor Inc. | PSPIB-Condor Inc.","pcon","2018-07-27T18:49:39.526274"
"PSPIB Deep South Inc. | PSPIB Deep South Inc.","pds","2018-07-27T18:49:31.241352"
"PSPIB DevCol Inc. | PSPIB DevCol Inc.","pdev","2018-07-27T18:49:42.839705"
"PSPIB-Eldorado Inc. | PSPIB-Eldorado Inc.","peld","2018-07-27T18:49:39.902355"
"PSPIB Emerald Inc. | PSPIB Emerald Inc.","pemer","2018-07-27T18:49:31.599679"
"PSPIB Golden Range Cattle II Inc. | PSPIB Golden Range Cattle II Inc.","pgrci","2018-07-27T18:49:33.209763"
"PSPIB Golden Range Cattle Inc. | PSPIB Golden Range Cattle Inc.","pgrc","2018-07-27T18:49:33.702488"
"PSPIB G.P. Finance Inc. | PSPIB G.P. Finance Inc.","pgpf","2018-07-27T18:49:32.021727"
"PSPIB G.P. Inc. | PSPIB G.P. Inc.","pgp","2018-07-27T18:49:32.408076"
"PSPIB G.P. Partners Inc. | PSPIB G.P. Partners Inc.","pgpp","2018-07-27T18:49:32.882312"
"PSPIB Homes Inc. | PSPIB Homes Inc.","phomes","2018-07-27T18:49:34.092428"
"PSPIB IRP60 Inc. | PSPIB IRP60 Inc.","pirp","2018-07-27T18:49:34.399852"
"PSPIB-LSF Inc. | PSPIB-LSF Inc.","plsf","2018-07-27T18:49:40.313147"
"PSPIB LUNAR INVESTMENTS INC. | PSPIB LUNAR INVESTMENTS INC.","plii","2018-07-27T18:49:34.805279"
"PSPIB MEXICO GP INC. | PSPIB MEXICO GP INC.","pmgi","2018-07-27T18:49:35.300301"
"PSPIB Michigan G.P. Inc. | PSPIB Michigan G.P. Inc.","pmgp","2018-07-27T18:49:35.654135"
"PSPIB-MSR Inc. | PSPIB-MSR Inc.","pmsr","2018-07-27T18:49:44.740795"
"PSPIB-Newbury G.P. Inc. | PSPIB-Newbury G.P. Inc.","pngp","2018-07-27T18:49:45.214639"
"PSPIB Orchid Inc. | PSPIB Orchid Inc.","porch","2018-07-27T18:49:35.994972"
"PSPIB Paisas Inc. | PSPIB Paisas Inc.","ppais","2018-07-27T18:49:43.339139"
"PSPIB Pennsylvania Investments Inc. | PSPIB Pennsylvania Investments Inc.","ppi","2018-07-27T18:49:36.385359"
"PSPIB Realty International Inc. / PSPIB Immobilier International Inc. | PSPIB Realty International Inc. / PSPIB Immobilier International Inc.","pripii","2018-07-27T18:49:36.759683"
"PSPIB-RE Finance Inc. | PSPIB-RE Finance Inc.","prf","2018-07-27T18:49:45.730974"
"PSPIB-RE Finance Partners II Inc. | PSPIB-RE Finance Partners II Inc.","prfpi","2018-07-27T18:49:46.451171"
"PSPIB-RE Finance Partners Inc. | PSPIB-RE Finance Partners Inc.","prfp","2018-07-27T18:49:46.067411"
"PSPIB-RE MANCHESTER INC. | PSPIB-RE MANCHESTER INC.","prmi","2018-07-27T18:49:46.806206"
"PSPIB-RE Partners II Inc. | PSPIB-RE Partners II Inc.","prpi","2018-07-27T18:49:47.556382"
"PSPIB-RE Partners Inc. | PSPIB-RE Partners Inc.","prp","2018-07-27T18:49:47.198017"
"PSPIB-RE UK Inc. | PSPIB-RE UK Inc.","pru","2018-07-27T18:49:47.990606"
"PSPIB-SDL Inc. | PSPIB-SDL Inc.","psdl","2018-07-27T18:49:48.321562"
"PSPIB-Star Inc. | PSPIB-Star Inc.","pstar-psstar","2018-07-27T18:49:48.626158"
"PSPIB Waiheke Inc. | PSPIB Waiheke Inc.","pwaih","2018-07-27T18:49:37.149359"
"PSPIB WEXFORD INVESTMENTS INC. | PSPIB WEXFORD INVESTMENTS INC.","pwii","2018-07-27T18:49:44.092529"
"PSP Investments Canada Inc./Investissements PSP Canada Inc. | PSP Investments Canada Inc./Investissements PSP Canada Inc.","picpc","2018-07-27T18:49:41.774056"
"PSP Public Credit I Inc. | PSP Public Credit I Inc.","ppci","2018-07-27T18:49:29.480977"
"PSP Public Credit Opportunities Inc. | PSP Public Credit Opportunities Inc.","ppco","2018-07-27T18:49:29.834586"
"PSP Public Markets Inc. | PSP Public Markets Inc.","ppm","2018-07-27T18:49:30.367503"
"Public Appointments Commission Secretariat | Secrétariat de la Commission des nominations publiques","pacs-scnp","2016-09-14T11:47:39.718790"
"Public Health Agency of Canada | Agence de la santé publique du Canada","phac-aspc","2016-09-14T11:47:41.391649"
"Public Prosecution Service of Canada | Service des poursuites pénales du Canada","ppsc-sppc","2016-09-14T11:47:42.415273"
"Public Safety Canada | Sécurité publique Canada","ps-sp","2016-09-14T11:47:42.833137"
"Public Sector Pension Investment Board | Office d’investissement des régimes de pensions du secteur public","pspib-oirpsp","2016-09-14T11:47:44.297742"
"Public Servants Disclosure Protection Tribunal Canada | Le Tribunal de la protection des fonctionnaires divulgateurs Canada","psdpt-tpfd","2018-10-16T20:14:12.564103"
"Public Servants Disclosure Protection Tribunal Canada | Tribunal de la protection des fonctionnaires divulgateurs Canada","psdptc-tpfdc","2016-09-14T11:47:43.245558"
"Public Service Commission of Canada | Commission de la fonction publique du Canada","psc-cfp","2016-09-14T11:47:43.038352"
"Public Service Labour Relations Board | Commission des relations de travail dans la fonction publique","pslrb-crtfp","2016-09-14T11:47:44.092339"
"Public Services and Procurement Canada | Services publics et Approvisionnement Canada","pwgsc-tpsgc","2016-09-14T11:47:44.911172"
"Public Service Staffing Tribunal | Tribunal de la dotation de la fonction publique","psst-tdfp","2016-09-14T11:47:44.504093"
"Quebec Port Authority | Administration portuaire de Québec","qpa-apq","2016-09-14T11:47:45.115473"
"RCMH-MRCF Inc. | RCMH-MRCF Inc.","rmrcf","2018-07-27T18:49:50.429089"
"RCMP External Review Committee | Comité externe d'examen de la GRC","erc-cee","2016-09-14T11:47:27.784548"
"Red Isle Private Investments Inc. | Red Isle Private Investments Inc.","ripi","2018-07-27T18:49:49.015767"
"Registrar of the Supreme Court of Canada and that portion of the federal public administration appointed under subsection 12(2) of the Supreme Court Act | Registraire de la Cour suprême du Canada et le secteur de l'administration publique fédérale nommé en vertu du paragraphe 12(2) de la Loi sur la Cour suprême","scc-csc","2016-09-14T11:47:46.358476"
"Registry of the Competition Tribunal | Greffe du Tribunal de la concurrence","rct-gtc","2016-09-14T11:47:45.527909"
"Revera Inc. | Revera Inc.","ri","2016-09-14T11:47:45.739438"
"Ridley Terminals Inc. | Ridley Terminals Inc.","rti-tri","2016-09-14T11:47:45.945438"
"Royal Canadian Mint | Monnaie royale canadienne","mint-monnaie","2016-09-14T11:47:33.941743"
"Royal Canadian Mounted Police | Gendarmerie royale du Canada","rcmp-grc","2016-09-14T11:47:45.321083"
"Saguenay Port Authority | Administration portuaire du Saguenay","spa-aps","2016-09-14T11:47:48.032424"
"Sahtu Land and Water Board | Office des terres et des eaux du Sahtu","slwb-otes","2018-08-20T20:33:37.353108"
"Sahtu Land Use Planning Board | Conseil de l’aménagement du territoire du Sahtu","slupb-cats","2018-08-20T20:33:38.180033"
"Saint John Port Authority | Administration portuaire de Saint John","stjpa-apstj","2018-07-27T18:49:08.816294"
"Secretariat of the National Security and Intelligence Committee of Parliamentarians | Secrétariat du Comité des parlementaires sur la sécurité nationale et le renseignement","snsicp-scpssnr","2018-07-27T18:49:12.538305"
"Security Intelligence Review Committee | Comité de surveillance des activités de renseignement de sécurité","sirc-csars","2016-09-14T11:47:47.201218"
"Shared Services Canada | Services partagés Canada","ssc-spc","2016-09-14T11:47:48.240726"
"Ship-source Oil Pollution Fund | Caisse d'indemnisation des dommages dus à la pollution par les hydrocarbures causée par les navires","sopf-cidp","2016-09-14T11:47:47.826489"
"Social Sciences and Humanities Research Council of Canada | Conseil de recherches en sciences humaines du Canada","sshrc-crsh","2016-09-14T11:47:48.449531"
"Social Security Tribunal of Canada | Tribunal de la Sécurité Sociale du Canada","sst-tss","2018-10-16T20:14:13.647928"
"Sooke Investments Inc. | Sooke Investments Inc.","sinv","2018-07-27T18:49:49.382783"
"Special Representative for the Prairies | Représentant spécial pour les Prairies","srp-rsp","2021-03-24T16:25:31.840876"
"Specific Claims Tribunal | Tribunal des revendications particulières","sct-trp","2016-09-14T11:47:46.567818"
"Standards Council of Canada | Conseil canadien des normes","scc-ccn","2016-09-14T11:47:46.149022"
"Statistics Canada | Statistique Canada","statcan","2016-09-14T11:47:48.651803"
"Status of Women Canada | Condition féminine Canada","swc-cfc","2016-09-14T11:47:48.861444"
"St. John's Port Authority | Administration portuaire de St. John's","sjpa-apsj","2016-09-14T11:47:47.409515"
"Sustainable Development Technology Canada | Technologies du développement durable Canada","sdtc-tddc","2016-09-14T11:47:46.773840"
"Telefilm Canada | Téléfilm Canada","tf","2016-09-14T11:47:49.932464"
"The Correctional Investigator Canada | L'Enquêteur correctionnel Canada","oci-bec","2016-09-14T11:47:37.637500"
"The Joint Federal/Provincial Commission into the April 2020 Nova Scotia Mass Casualty | Commission fédérale-provinciale sur les événements d’avril 2020 en Nouvelle Écosse","jfpc-cfp","2021-03-24T16:19:45.005158"
"The National Battlefields Commission | Commission des champs de bataille nationaux","nbc-ccbn","2016-09-14T11:47:34.765530"
"The Seaway International Bridge Corporation | Corporation du pont international de la voie maritime, Ltée","sibc-cpivml","2016-09-14T11:47:46.983037"
"The St. Mary's River Bridge Company | Société du pont de la Rivière Ste Marie","smrbc-sprsm","2016-09-14T11:47:47.619209"
"Thunder Bay Port Authority | Administration portuaire de Thunder Bay","tbpa-aptb","2018-07-27T18:49:09.651450"
"Toronto Port Authority | Administration portuaire de Toronto","tpa-apt","2016-09-14T11:47:50.158035"
"Trans Mountain Corporation | Trans Mountain Corporation","tmc","2019-05-10T15:34:55.879464"
"Transportation Appeal Tribunal of Canada | Tribunal d'appel des transports du Canada","tatc-tatc","2018-10-16T20:14:14.091275"
"Transportation Appeal Tribunal of Canada | Tribunal d'appel des transports du Canada","tatc","2016-09-14T11:47:49.075427"
"Transportation Safety Board of Canada | Bureau de la sécurité des transports du Canada","tsb-bst","2016-09-14T11:47:50.370732"
"Transport Canada | Transports Canada","tc","2016-09-14T11:47:49.721891"
"Treasury Board | Conseil du Trésor","tb-ct","2016-09-14T11:47:49.280128"
"Treasury Board of Canada Secretariat | Secrétariat du Conseil du Trésor du Canada","tbs-sct","2016-09-14T11:47:49.492388"
"Trinity Bay Private Investments Inc. | Trinity Bay Private Investments Inc.","tbpi","2018-07-27T18:49:49.807170"
"Vancouver Fraser Port Authority | Administration portuaire Vancouver Fraser","vfpa-apvf","2016-09-14T11:47:50.805457"
"Veterans Affairs Canada | Anciens Combattants Canada","vac-acc","2016-09-14T11:47:50.583372"
"Veterans Review and Appeal Board | Tribunal des anciens combattants (révision et appel)","vrab-tacra","2016-09-14T11:47:51.224276"
"VIA Rail Canada Inc. | VIA Rail Canada Inc.","viarail","2016-09-14T11:47:51.016451"
"VOP Investments Inc. | VOP Investments Inc.","vinv","2018-07-27T18:49:50.105706"
"Western Economic Diversification Canada | Diversification de l'économie de l'Ouest Canada","wd-deo","2016-09-14T11:47:51.437434"
"Windsor-Detroit Bridge Authority | Autorité du pont Windsor-Détroit","wdba-apwd","2016-09-14T11:47:51.645076"
"Windsor Port Authority | Administration portuaire de Windsor","wpa-apw","2018-07-27T18:49:10.286092"
"Yukon Environmental and Socio-economic Assessment Board | Office d’évaluation environnementale et socio-économique du Yukon","yesab-oeesy","2016-09-14T11:47:51.851357"
"Yukon Surface Rights Board | Office des droits de surface du Yukon","ysrb-odsy","2016-09-14T11:47:52.061388"
